address,zipcode,year_built
310 1ST AVE,48197,1869
463 S HAMILTON ST,48197,1884
110 PERRIN ST,48197,1884
574 HARRIET ST,48197,1880
218 S GROVE ST,48198,1865
403 S HURON ST,48197,1870
314 S HURON ST,48197,1885
46 S SUMMIT ST,48197,1893
601 N CONGRESS ST,48197,1870
922 N CONGRESS ST,48197,1888
9 N SUMMIT ST,48197,1884
208 PERRIN ST,48197,1890
216 BALLARD ST,48197,1880
6 W CROSS ST,48197,1840
411 N HURON ST,48197,1880
90 MAPLE ST,48198,1864
502 N HAMILTON ST,48197,1884
332 OAK ST,48198,1870
11 OAK ST,48198,1870
623 N RIVER ST,48198,1858
2960 PROSPECT RD,48198,1870
3040 PROSPECT RD,48198,1874
10945 CHERRY HILL RD,48198,1855
302 W CROSS ST,48197,1844
22 N WASHINGTON ST,48197,1860
108 PEARL ST,48197,1879
10-12 S HURON ST,48197,1858
119 W MICHIGAN AVE,48197,1890
14 S HURON ST,48197,1858
217 N WASHINGTON ST,48197,1899
931 E CROSS ST,48198,1890
201 N SUMMIT ST,48197,1880
628 N PROSPECT ST,48198,1880
7 N NORMAL ST,48197,1848
656 HARRIET ST,48197,1893
437 S HURON ST,48197,1868
423 S ADAMS ST,48197,1886
314 S WASHINGTON ST,48197,1869
305 S HURON ST,48197,1893
201-207 FERRIS ST | 100 S WASHINGTON ST,48197,1835
610 N CONGRESS ST,48197,1870
316 PEARL ST,48197,1870
127 N NORMAL ST,48197,1844
126 N SUMMIT ST,48197,1850
422 WASHTENAW AVE,48197,1879
227 N GROVE ST,48198,1861
408 N HURON ST,48197,1850
1301 WASHTENAW AVE,48197,1895
417 N ADAMS ST,48197,1864
201 OAK ST,48198,1886
830 W CLARK RD,48198,1850
3105 BERRY RD,48198,1870
3401 BERRY RD,48198,1870
103 W MICHIGAN AVE,48197,1890
9160 S HURON RIVER DR,48197,1890
528 MAUS AVE,48198,1899
574 DAVIS ST,48198,1890
111 CATHERINE ST,48197,1865
417 EMMET ST,48197,1864
218 FERRIS ST,48197,1898
9 S SUMMIT ST,48197,1893
17 N SUMMIT ST,48197,1860
112 N PROSPECT ST,48198,1884
314 WASHTENAW AVE,48197,1896
226 N PROSPECT ST,48198,1894
912 SHERIDAN ST,48197,1845
302 MILES ST,48198,1886
900 OAKWOOD ST,48197,1895
117 E CROSS ST,48198,1849
305 E CROSS ST,48198,1875
322 MAPLE ST,48198,1854
214 OAK ST,48198,1850
615 N RIVER ST,48198,1880
2847 HARRIS RD,48198,1870
8615 CHERRY HILL RD,48198,1830
24 N WASHINGTON ST,48197,1871
114 W MICHIGAN AVE,48197,1860
116 W MICHIGAN AVE,48197,1851
623 N ADAMS ST,48197,1890
6677 WILLIS RD,48197,1890
107-109 BELL RD,48197,1840
99-101 BELL RD,48197,1840
316 S WASHINGTON ST,48197,1869
306 S WASHINGTON ST,48197,1884
505 EMMET ST,48197,1870
314 SOUTH ST,48198,1884
12 S SUMMIT ST,48197,1860
711 N CONGRESS ST,48197,1893
415 PEARL ST,48197,1869
516-518 PEARL ST,48197,1884
148 N WASHINGTON ST,48197,1899
126 COLLEGE PL,48197,1890
125 N SUMMIT ST,48197,1864
212 WASHTENAW AVE,48197,1871
608 WASHTENAW AVE,48197,1895
315 N PROSPECT ST,48198,1880
506 EMMET ST,48197,1840
300 N HURON ST,48197,1860
605 W CROSS ST,48197,1890
56 E CROSS ST,48198,1859
900 OAKWOOD ST,48197,1896
12 OAK ST,48198,1856
513 N WASHINGTON ST,48197,1895
314 E FOREST AVE,48198,1890
822 N RIVER ST,48198,1884
8589 MARTZ RD,48197,1857
429 S HURON ST,48197,1858
113 N SUMMIT ST,48197,1879
409 EMMET ST,48197,1864
205 S WASHINGTON ST,48197,1850
111 S ADAMS ST,48197,1876
35 S SUMMIT ST,48197,1850
19 S NORMAL ST,48197,1892
6 S WASHINGTON ST,48197,1880
717 N CONGRESS ST,48197,1890
11 W MICHIGAN AVE,48197,1888
616-618 N CONGRESS ST,48197,1890
507 PEARL ST,48197,1893
107 BABBITT ST,48198,1870
95 OAKWOOD AVE,48197,1895
172 N WASHINGTON ST,48197,1844
218 N RIVER ST,48198,1880
601 W CROSS ST,48197,1890
302 N HURON ST,48197,1860
416 E CROSS ST,48198,1850
451 ANNA AVE,48197,1865
321 E CROSS ST,48198,1876
412 N WASHINGTON ST,48197,1860
305 MAPLE ST,48198,1870
417 MAPLE ST,48198,1844
9625 GEDDES RD,48198,1870
207 W MICHIGAN AVE,48197,1880
207 OLIVE ST,48197,1884
7750 WILLIS RD,48197,1898
7690 TUTTLE HILL RD,48197,1858
810 JEFFERSON ST,48197,1880
430 S HURON ST,48197,1819
113 BUFFALO ST,48197,1890
220 S HURON ST,48197,1870
513 EMMET ST,48197,1890
106 S HAMILTON ST,48197,1884
213 FERRIS ST,48197,1883
20 S GROVE ST,48198,1879
605 N CONGRESS ST,48197,1883
704 N CONGRESS ST,48197,1894
93 OAKWOOD AVE,48197,1896
109 N RIVER ST,48198,1850
119 N HAMILTON ST,48197,1870
127 COLLEGE PL,48197,1885
205 PERRIN ST,48197,1890
207 PERRIN ST,48197,1890
302 N NORMAL ST,48197,1895
307 N WASHINGTON ST,48197,1840
312 MILES ST,48198,1873
415 BALLARD ST,48197,1880
418 FLORENCE ST,48197,1885
422 N RIVER ST,48198,1875
206 MAPLE ST,48198,1844
431 N HAMILTON ST,48197,1898
508 N HAMILTON ST,48197,1880
629 N ADAMS ST,48197,1893
36 E CROSS ST,48198,1870
505 WASHTENAW AVE,48197,1884
4380 BEMIS RD,48197,1870
433-435 S HURON ST,48197,1868
114 N SUMMIT ST,48197,1880
112 PERRIN ST,48197,1884
206 S HAMILTON ST,48197,1879
801 W MICHIGAN AVE,48197,1880
202 S HURON ST,48197,1830
119 S WASHINGTON ST,48197,1865
309 SOUTH ST,48198,1884
101 S WASHINGTON ST,48197,1843
27 S HURON ST,48197,1850
12 S NORMAL ST,48197,1883
814 N CONGRESS ST,48197,1890
17-23 N WASHINGTON ST,48197,1822
101 E FOREST AVE,48198,1873
110 N RIVER ST,48198,1814
110 NORTH ST,48198,1890
113 N HAMILTON ST,48197,1890
120 N SUMMIT ST,48197,1840
120 BALLARD ST,48197,1884
206 N RIVER ST,48198,1869
203 N WASHINGTON ST,48197,1894
208 BALLARD ST,48197,1894
304-306 PERRIN ST,48197,1870
415 N HURON ST,48197,1879
410 MAPLE ST,48198,1896
427 N HAMILTON ST,48197,1893
409 MAPLE ST,48198,1896
205 OAK ST,48198,1885
210 ARCADE ST,48197,1894
209 OAK ST,48198,1850
525 N ADAMS ST,48197,1888
614 N ADAMS ST,48197,1885
631 N ADAMS ST,48197,1845
1720 LEFORGE RD,48198,1832
7155 CHERRY HILL RD,48198,1850
8401 CHERRY HILL RD,48198,1870
110 W MICHIGAN AVE,48197,1860
414 E MICHIGAN AVE,48198,1870
4740 MUNGER RD,48197,1890
437 2ND AVE,48197,1884
307 S PROSPECT ST,48198,1890
317 CHIDESTER ST,48197,1890
507 EMMET ST,48197,1885
410 E CROSS ST,48198,1870
210 FERRIS ST,48197,1890
214-218 W MICHIGAN AVE,48197,1884
615 PEARL ST,48197,1880
702 PEARL ST,48197,1879
108 N NORMAL ST,48197,1870
107 PERRIN ST,48197,1864
313 WASHTENAW AVE,48197,1870
226 N SUMMIT ST,48197,1885
948-950 SHERIDAN ST,48197,1875
309 N PROSPECT ST,48198,1870
929 W CROSS ST,48197,1888
302 E CROSS ST,48198,1879
708 E CROSS ST,48198,1878
209 ARCADE ST,48197,1895
411 BALLARD ST,48197,1888
501 N WASHINGTON ST,48197,1844
520 N HAMILTON ST,48197,1869
305 OAK ST,48198,1880
323 OAK ST,48198,1890
118 E FOREST AVE,48198,1875
350 W CLARK RD,48198,1870
1866 HARRIS RD,48198,1870
6820 PLYMOUTH-ANN ARBOR RD,48198,1800
23-25 E CROSS ST,48198,1869
52 E CROSS ST,48198,1859
6450 BEMIS RD,48197,1875
2324 W MICHIGAN AVE,48197,1860
112 WOODWARD ST,48197,1893
701 W MICHIGAN AVE,48197,1878
31 S GROVE ST,48198,1874
300 E MICHIGAN AVE,48198,1870
419 PEARL ST,48197,1894
106 N RIVER ST,48198,1860
115 BALLARD ST,48197,1859
417 WASHTENAW AVE,48197,1880
411 LOCUST ST,48198,1880
711 WASHTENAW AVE,48197,1893
310 N HAMILTON ST,48197,1894
718 E CROSS ST,48198,1850
201 E CROSS ST,48198,1880
113 E CROSS ST,48198,1884
308 MAPLE ST,48198,1899
426 N HURON ST,48197,1880
811 LOWELL ST,48197,1854
7485 CHERRY HILL RD,48198,1870
3385 GOTFREDSON RD,48198,1870
3620 GOTFREDSON RD,48198,1835
400 N RIVER ST,48198,1861
834 JEFFERSON ST,48197,1882
411 2ND AVE,48197,1894
214 N SUMMIT ST,48197,1880
128 W MICHIGAN AVE,48197,1860
418 PEARL ST,48197,1884
301 N PROSPECT ST,48198,1880
426 1ST AVE,48197,1884
7605 MUNGER RD,48197,1863
115 BELL RD,48197,1884
423 S HURON ST,48197,1860
329 1ST AVE,48197,1894
138 HAWKINS ST,48197,1889
311 S ADAMS ST,48197,1864
114 N NORMAL ST,48197,1890
611 EMMET ST,48197,1885
122 S GROVE ST,48198,1885
709 N CONGRESS ST,48197,1890
15 N RIVER ST,48198,1860
502 PEARL ST,48197,1884
211 N HURON ST,48197,1844
412 HIGH ST,48198,1890
508 EMMET ST,48197,1840
301 N ADAMS ST,48197,1890
208 E CROSS ST,48198,1860
512 W CROSS ST,48197,1890
203 E CROSS ST,48198,1870
115 MAPLE ST,48198,1886
312 OLIVE ST,48197,1885
507 N HAMILTON ST,48197,1879
601 N HURON ST | 202 W FOREST AVE,48197,1850
316 E FOREST AVE,48198,1860
6100 VREELAND RD,48198,1870
106 W MICHIGAN AVE,48197,1860
29 BELL RD,48197,1890
301 S WASHINGTON ST,48197,1865
17 S NORMAL ST,48197,1840
206 S WASHINGTON ST,48197,1868
215 WOODWARD ST,48197,1893
526 W MICHIGAN AVE,48197,1820
615 N CONGRESS ST,48197,1893
914 N CONGRESS ST,48197,1884
606 N CONGRESS ST,48197,1893
16 N SUMMIT ST,48197,1884
108 BALLARD ST,48197,1894
317 WASHTENAW AVE,48197,1844
224 N PROSPECT ST,48198,1864
606 WASHTENAW AVE,48197,1890
406 N HAMILTON ST,48197,1884
420 N HAMILTON ST,48197,1890
303 N HURON ST,48197,1837
312 BALLARD ST,48197,1888
418 N HAMILTON ST,48197,1890
423 N HAMILTON ST,48197,1898
430 BALLARD ST,48197,1875
526 N HURON ST,48197,1870
12 E FOREST AVE,48198,1830
353 2ND AVE,48197,1880
8705 TUTTLE HILL RD,48197,1860
9253 MARTZ RD,48197,1837
6170 STONY CREEK RD,48197,1846
3800 TEXTILE RD,48197,1876
327 CHIDESTER ST,48197,1890
206 S HURON ST,48197,1873
218 WOODWARD ST,48197,1883
114 WOODWARD ST,48197,1893
810 N CONGRESS ST,48197,1850
212 N GROVE ST,48198,1870
501 WASHTENAW AVE,48197,1884
125 N HURON ST | 101 WASHTENAW AVE,48197,1830
130 N HURON ST,48197,1849
518 WASHTENAW AVE,48197,1870
229 N PROSPECT ST,48198,1870
310 N GROVE ST,48198,1890
416 E CROSS ST,48198,1850
410 N HURON ST,48197,1865
406 MAPLE ST,48198,1850
205 MAPLE ST,48198,1854
409 OLIVE ST,48197,1890
413 W FOREST AVE,48197,1885
621 N ADAMS ST,48197,1895
718 N PROSPECT ST,48198,1895
858 RAILROAD ST,48197,1890
8275 WILLIS RD,48197,1895
214 S GROVE ST,48198,1850
10 ELDER ST,48197,1894
422 S HURON ST,48197,1898
417 S HURON ST,48197,1863
402 S HURON ST,48197,1895
125 HAWKINS ST,48197,1880
221 S WASHINGTON ST,48197,1863
130 COLLEGE PL,48197,1899
328 E CROSS ST,48198,1890
22 S GROVE ST,48198,1895
409 E MICHIGAN AVE,48198,1870
18 N NORMAL ST,48197,1869
118 N NORMAL ST,48197,1885
222 N RIVER ST,48198,1869
414 EMMET ST,48197,1896
309 N ADAMS ST,48197,1844
404 N HURON ST,48197,1850
414 FLORENCE ST,48197,1898
330 MAPLE ST,48198,1886
424 N WASHINGTON ST,48197,1860
506 N ADAMS ST,48197,1864
512 N HAMILTON ST,48197,1874
513 N ADAMS ST,48197,1890
313 W FOREST AVE,48197,1869
7273 VREELAND RD,48198,1880
404 W MICHIGAN AVE,48197,1850
126 W MICHIGAN AVE,48197,1860
115 W MICHIGAN AVE,48197,1874
9-11 S WASHINGTON ST,48197,1874
211 PERRIN ST,48197,1890
1311 LEFORGE ST,48198,1884
8875 HITCHINGHAM RD,48197,1830
536 MADISON ST,48197,1894
767 HARRIET ST,48197,1884
413 S HURON ST,48197,1868
211 S ADAMS ST,48197,1893
124 S GROVE ST,48198,1885
804 W MICHIGAN AVE,48197,1893
42 S SUMMIT ST,48197,1893
612-614 N CONGRESS ST,48197,1890
21 N NORMAL ST | 801-803 PEARL ST,48197,1884
209 N PARK ST,48198,1894
107 N NORMAL ST,48197,1844
123 N WASHINGTON ST,48197,1850
111 N NORMAL ST,48197,1844
116 N SUMMIT ST,48197,1880
184 N WASHINGTON ST,48197,1850
609 WASHTENAW AVE,48197,1884
224 N GROVE ST,48198,1866
303 N HAMILTON ST,48197,1894
957 W CROSS ST,48197,1899
315 MILES ST,48198,1870
416 FLORENCE ST,48197,1894
404 MAPLE ST,48198,1896
421 N HURON ST,48197,1880
427 BALLARD ST,48197,1894
210 OAK ST,48198,1850
514 N HURON ST,48197,1870
309 OAK ST,48198,1870
701 E FOREST AVE,48198,1870
315 HIGH ST,48198,1865
7485 CHERRY HILL RD,48198,1870
308-312 N RIVER ST,48198,1840
46-50 E CROSS ST,48198,1859
108 W MICHIGAN AVE,48197,1857
401 E CROSS ST,48198,1886
417 OLIVE ST,48197,1890
229-231 N RIVER ST,48198,1864
9500 PITMAN RD,48197,1888
8539 STONEY CREEK RD,48197,1800
201 S PROSPECT ST,48198,1895
215 S WASHINGTON ST,48197,1893
100 E CROSS ST,48198,1870
110 WOODWARD ST,48197,1843
920 N CONGRESS ST,48197,1890
112 S ADAMS ST,48197,1883
112 S WASHINGTON ST,48197,1845
112 S HAMILTON ST,48197,1884
22 S SUMMIT ST,48197,1893
7 S SUMMIT ST,48197,1868
602 N CONGRESS ST,48197,1870
705 PEARL ST,48197,1880
121 N HURON ST,48197,1870
220 N PROSPECT ST,48198,1866
213 N NORMAL ST,48197,1850
219 N SUMMIT ST,48197,1880
220 N HAMILTON ST,48197,1890
306 N RIVER ST,48198,1860
917 W CROSS ST,48197,1870
310 E CROSS ST,48198,1885
610 E CROSS ST,48198,1894
410 FLORENCE ST,48197,1880
422 N HAMILTON ST,48197,1892
414 OAK ST,48198,1860
516 N HAMILTON ST,48197,1894
515 N WASHINGTON ST,48197,1840
206 ARCADE ST,48197,1880
409 OAK ST,48198,1890
34 E FOREST AVE,48198,1870
401 E FOREST AVE,48198,1836
9455 VREELAND RD,48198,1850
10303 CHERRY HILL RD,48198,1870
206 W MICHIGAN AVE,48197,1879
32-42 N HURON ST,48197,1875
818 N PROSPECT ST,48198,1890
126 HAWKINS ST,48197,1899
103-105 BELL RD,48197,1840
360 1ST AVE,48197,1889
412 S WASHINGTON ST,48197,1860
322 CHIDESTER ST,48197,1890
306 S HURON ST,48197,1888
102 S GROVE ST,48198,1880
608 W MICHIGAN AVE,48197,1893
4 S SUMMIT ST,48197,1843
1 N SUMMIT ST,48197,1886
1008 N CONGRESS ST,48197,1894
2 W MICHIGAN AVE,48197,1888
20 N SUMMIT ST,48197,1884
411 PEARL ST,48197,1869
504 PEARL ST,48197,1894
124 COLLEGE PL,48197,1895
120 N HAMILTON ST,48197,1844
125 MILES ST,48198,1870
309 WASHTENAW AVE,48197,1895
3040 PROSPECT RD,48198,1874
29 E CROSS ST,48198,1869
212 W MICHIGAN AVE,48197,1879
213 N SUMMIT ST,48197,1890
8660 FORD RD,48198,1870
622 N ADAMS ST,48197,1890
630 N ADAMS ST,48197,1885
7244 CRANE RD,48197,1883
35 S HURON ST,48197,1858
1 OAKWOOD AVE,48197,1894
606 W MICHIGAN AVE,48197,1893
14 S WASHINGTON ST,48197,1875
518 W MICHIGAN AVE,48197,1893
1 S HURON ST,48197,1884
19 N NORMAL ST,48197,1893
14 N RIVER ST,48198,1860
704 PEARL ST,48197,1870
110 PEARL ST,48197,1870
123 N SUMMIT ST,48197,1894
124 N SUMMIT ST,48197,1890
315 WASHTENAW AVE,48197,1870
201 MILES ST,48198,1874
225 N PROSPECT ST,48198,1850
216 N WASHINGTON ST,48197,1894
230 N GROVE ST,48198,1860
410 EMMET ST,48197,1896
311 MILES ST,48198,1850
967 WASHTENAW AVE,48197,1884
215 E CROSS ST,48198,1896
329 E CROSS ST,48198,1896
325 MAPLE ST,48198,1875
412 OAK ST,48198,1890
8383 VREELAND RD,48198,1870
201-203 W MICHIGAN AVE,48197,1880
6890 WILLIS RD,48197,1873
9048 STONEY CREEK RD,48197,1898
7424 BEMIS RD,48197,1885
7621 CARPENTER RD,48197,1856
5138 W MICHIGAN AVE,48197,1874
378 1ST AVE,48197,1895
11 N HAMILTON ST,48197,1884
97 SPRING ST,48197,1863
634 HARRIET ST,48197,1894
408 S HURON ST,48197,1860
117 HAWKINS ST,48197,1874
330 E CROSS ST,48198,1899
116 S HAMILTON ST,48197,1880
8 S SUMMIT ST,48197,1883
609 N CONGRESS ST,48197,1868
503 PEARL ST,48197,1884
409 WASHTENAW AVE,48197,1880
216 N GROVE ST,48198,1890
617 WASHTENAW AVE,48197,1850
209 N NORMAL ST,48197,1844
223 N RIVER ST,48198,1844
215 N SUMMIT ST,48197,1890
921 SHERIDAN ST,48197,1840
219 BALLARD ST,48197,1870
219 N HURON ST,48197,1845
302 N GROVE ST,48198,1865
300 N WASHINGTON ST,48197,1857
40 E CROSS ST,48198,1858
411 N ADAMS ST,48197,1890
211 MAPLE ST,48198,1886
429 N ADAMS ST,48197,1884
211 OLIVE ST,48197,1850
508 N HURON ST,48197,1870
624 NORRIS ST,48198,1860
124 W MICHIGAN AVE,48197,1860
101 W MICHIGAN AVE,48197,1837
813 N CONGRESS ST,48197,1843
6050 CARPENTER RD,48197,1876
136 HAWKINS ST,48197,1894
410 E MICHIGAN AVE,48198,1874
113 HAWKINS ST,48197,1869
314 N PARK ST,48198,1890
703 PEARL ST,48197,1890
105 N NORMAL ST,48197,1884
118 BALLARD ST,48197,1894
418 WASHTENAW AVE,48197,1879
216 OAKWOOD AVE,48197,1890
601 W FOREST AVE,48197,1885
227 MILES ST,48198,1890
417 W CROSS ST,48197,1888
318 MAPLE ST,48198,1876
333 E CROSS ST,48198,1886
301 MAPLE ST,48198,1896
438 N HURON ST,48197,1890
406 OAK ST,48198,1845
328 OAK ST,48198,1880
2474 HICKMAN RD,48198,1850
27 E CROSS ST,48198,1870
15 W MICHIGAN AVE,48197,1884
6012 MICHIGAN AVE,48197,1870
201 N NORMAL ST,48197,1890
219 S PROSPECT ST,48198,1896
109 BUFFALO ST,48197,1890
144 HAWKINS ST,48197,1894
412 E MICHIGAN AVE,48198,1819
213 N RIVER ST,48198,1831
511 EMMET ST,48197,1885
32 S NORMAL ST,48197,1893
720 TOWNER ST,48198,1885
27 S GROVE ST,48198,1869
610 W MICHIGAN AVE,48197,1893
25 S HURON ST,48197,1870
11 S ADAMS ST,48197,1887
106 BALLARD ST,48197,1884
206 N LINCOLN ST,48198,1869
210 MILES ST,48198,1898
811 WASHTENAW AVE,48197,1890
301 N GROVE ST,48198,1844
418 EMMET ST,48197,1896
309 BALLARD ST,48197,1850
424 BALLARD ST,48197,1890
504 N HAMILTON ST,48197,1884
501 W FOREST AVE,48197,1870
331 OAK ST,48198,1850
618 N ADAMS ST,48197,1885
9565 CHERRY HILL RD,48198,1850
115 PEARL ST,48197,1890
18 W MICHIGAN AVE,48197,1870
949 JEFFERSON ST,48197,1894
15 KRAMER ST,48197,1844
110 N SUMMIT ST,48197,1879
409 S HURON ST,48197,1873
403 S HAMILTON ST,48197,1880
315 S WASHINGTON ST,48197,1893
216 S HURON ST,48197,1858
113 WOODWARD ST,48197,1898
212-214 FERRIS ST,48197,1883
12 N SUMMIT ST,48197,1893
608 PEARL ST,48197,1884
204 NORTH ST,48198,1860
203 MILES ST,48198,1879
414 WASHTENAW AVE,48197,1865
301 N WASHINGTON ST,48197,1864
309 E CROSS ST,48198,1896
323 MAPLE ST,48198,1893
509 N ADAMS ST,48197,1870
7 OAK ST,48198,1875
615 N ADAMS ST,48197,1895
622 N PROSPECT ST,48198,1865
322 E FOREST AVE,48198,1870
709 E FOREST AVE,48198,1844
2700 HARRIS RD,48198,1820
626 N ADAMS ST,48197,1885
8508 STONEY CREEK RD,48197,1830
869 MONROE ST,48197,1880
524 MAUS AVE,48198,1896
215 S PROSPECT ST,48198,1895
237 N PROSPECT ST,48198,1880
803 N CONGRESS ST,48197,1893
707 N CONGRESS ST,48197,1886
515 N CONGRESS ST,48197,1843
932 N CONGRESS ST,48197,1844
11 N NORMAL ST,48197,1890
408 WASHTENAW AVE,48197,1884
316-318 WASHTENAW AVE,48197,1865
703 WASHTENAW AVE,48197,1870
1343 E FOREST,48198,1868
307 N ADAMS ST,48197,1894
313 E CROSS ST,48198,1886
409 N ADAMS ST,48197,1884
405 MAPLE ST,48198,1886
208 OLIVE ST,48197,1845
501 N ADAMS ST,48197,1894
14 OAK ST,48198,1886
15 OAK ST,48198,1886
517 N ADAMS ST,48197,1878
324 W FOREST AVE,48197,1858
610 N ADAMS ST,48197,1885
636 N ADAMS ST,48197,1895
210 W MICHIGAN AVE,48197,1879
208 W MICHIGAN AVE,48197,1879
102 W MICHIGAN AVE,48197,1860
626 E FOREST AVE,48198,1899
6235 WILLIS RD,48197,1873
8590 TUTTLE HILL RD,48197,1885
115 CATHERINE ST,48197,1862
2330 MCKINLEY AVE,48197,1883
320 S PROSPECT ST,48198,1869
310 S WASHINGTON ST,48197,1869
135 S GROVE ST,48198,1850
224 N SUMMIT ST,48197,1894
120 S GROVE ST,48198,1885
703 N CONGRESS ST,48197,1883
708 N CONGRESS ST,48197,1860
417 PEARL ST,48197,1869
61 N HURON ST,48197,1869
510 PEARL ST,48197,1869
113 PERRIN ST,48197,1884
117 PERRIN ST,48197,1898
210 N RIVER ST,48198,1894
956 SHERIDAN ST,48197,1840
416 N HURON ST,48197,1850
1645 E FOREST,48198,1850
3467 FRAINS LAKE RD,48198,1870
9809 PITMAN RD,48197,1875
8979 STONEY CREEK RD,48197,1800
6490 WHITTAKER RD,48197,1870
790 HARRIET ST,48197,1840
410 S HURON ST,48197,1894
355 1ST AVE,48197,1894
209 BUFFALO ST,48197,1850
402 E CROSS ST,48198,1850
719 W MICHIGAN AVE,48197,1893
113 S WASHINGTON ST,48197,1880
522 W MICHIGAN AVE,48197,1883
707 PEARL ST,48197,1845
511 PEARL ST,48197,1879
116 PERRIN ST,48197,1884
207 N HAMILTON ST,48197,1879
213 BALLARD ST,48197,1870
301 E CROSS ST,48198,1884
313 MAPLE ST,48198,1880
302 OAK ST,48198,1858
311 W FOREST AVE,48197,1884
318 W FOREST AVE,48197,1864
802 LOWELL ST,48197,1890
7200 PLATT RD,48197,1874
6340 WHITTAKER RD,48197,1875
406 S HURON ST,48197,1894
309 S WASHINGTON ST,48197,1890
302 S HURON ST,48197,1866
701 N CONGRESS ST,48197,1868
9 N RIVER ST,48198,1860
91 OAKWOOD AVE,48197,1894
101 N SUMMIT ST,48197,1874
810 PEARL ST,48197,1884
410 PEARL ST,48197,1890
113 MILES ST,48198,1870
117 N SUMMIT ST,48197,1869
121 COLLEGE PL,48197,1895
113 NORTH ST,48198,1874
217 N RIVER ST,48198,1891
202 MILES ST,48198,1870
314 N ADAMS ST,48197,1869
413 W CROSS ST,48197,1884
318 OAK ST,48198,1880
524 N ADAMS ST | 213-215 W FOREST AVE,48197,1880
224-226 W MICHIGAN AVE,48197,1899
120 W MICHIGAN AVE,48197,1860
309 FLORENCE ST,48197,1880
5200 BOLLA RD,48197,1890
856 HARRIET ST,48197,1880
725 HARRIET ST,48197,1888
436 S WASHINGTON ST,48197,1844
311-313 S HURON ST,48197,1870
211 S WASHINGTON ST,48197,1893
320 E CROSS ST,48198,1850
101 S GROVE ST,48198,1870
615 MICHIGAN AVE,48197,1883
101 S PARK ST,48198,1869
105 N HAMILTON ST,48197,1870
106 N ADAMS ST,48197,1894
105 N HURON ST,48197,1859
410 WASHTENAW AVE,48197,1884
514 WASHTENAW AVE,48197,1870
209 N SUMMIT ST,48197,1890
701 WASHTENAW AVE,48197,1870
208 N HAMILTON ST,48197,1889
213 OAKWOOD AVE,48197,1890
213 N HAMILTON ST,48197,1844
214 N HURON ST,48197,1850
923 SHERIDAN ST,48197,1840
943 W CROSS ST,48197,1894
219 N ADAMS ST,48197,1886
954 SHERIDAN ST,48197,1890
510 E CROSS ST,48198,1890
413 BALLARD ST,48197,1880
412 PERRIN ST,48197,1870
203 MAPLE ST,48198,1844
413 MAPLE ST,48198,1851
503-505 N ADAMS ST,48197,1890
423 W FOREST AVE,48197,1885
605 N RIVER ST,48198,1870
516 N ADAMS ST,48197,1890
616 NORRIS ST,48198,1884
720 LOWELL ST,48197,1895
13 N WASHINGTON ST,48197,1870
104 W MICHIGAN AVE,48197,1860
228 W MICHIGAN AVE,48197,1894
9160 S HURON RIVER DR,48197,1890
8 N NORMAL ST,48197,1890
482 1ST AVE,48197,1884
670-672 HARRIET ST,48197,1874
438 CHIDESTER ST,48197,1890
401 S HURON ST,48197,1873
1024 W MICHIGAN AVE,48197,1870
315 S ADAMS ST,48197,1881
413 EMMET ST,48197,1870
609 EMMET ST,48197,1894
50 S SUMMIT ST,48197,1878
114 S HAMILTON ST,48197,1880
805 N CONGRESS ST,48197,1843
1016 N CONGRESS ST,48197,1884
15 N HAMILTON ST,48197,1864
611 PEARL ST,48197,1880
517 PEARL ST,48197,1894
111 PEARL ST,48197,1890
101 N HAMILTON ST,48197,1884
508 PEARL ST,48197,1869
209 PERRIN ST,48197,1890
14 W CROSS ST,48197,1880
306 N NORMAL ST,48197,1890
33 E CROSS ST,48198,1870
407 E CROSS ST,48198,1896
216 MAPLE ST,48198,1884
521-523 N HURON ST,48197,1890
900 OAKWOOD ST,48197,1895
1266 HURON RIVER DR,48197,1860
100 W MICHIGAN AVE,48197,1860
46-54 N HURON ST,48197,1880
617 N CONGRESS ST,48197,1868
8921 STONEY CREEK RD,48197,1885
7916 WILLIS RD,48197,1873
8705 WHITTAKER RD,48197,1860
8035 WHITTAKER RD,48197,1880
9095 S HURON RIVER DR,48197,1874
13 N SUMMIT ST,48197,1894
124 BELL RD,48197,1884
416 S WASHINGTON ST,48197,1860
135 HAWKINS ST,48197,1880
723-725 W MICHIGAN AVE,48197,1863
118 S WASHINGTON ST,48197,1892
30 S GROVE ST,48198,1890
11 S GROVE ST,48198,1860
508 N CONGRESS ST,48197,1854
112 BABBITT ST,48198,1860
715 PEARL ST,48197,1884
605 PEARL ST,48197,1894
602 PEARL ST,48197,1844
106 N SUMMIT ST,48197,1869
111 N ADAMS ST,48197,1865
112 N HAMILTON ST,48197,1890
126 N ADAMS ST,48197,1820
611 WASHTENAW AVE,48197,1884
219 N RIVER ST,48198,1893
220 N GROVE ST,48198,1870
601 EMMET ST,48197,1880
620 E CROSS ST,48198,1875
17-21 E CROSS ST,48198,1859
213 E CROSS ST,48198,1871
325 E CROSS ST,48198,1893
422 N HURON ST,48197,1850
416 OLIVE ST,48197,1895
402 OAK ST,48198,1865
324 OAK ST,48198,1850
326 E FOREST AVE,48198,1899
3161 GOTFREDSON RD,48198,1870
118 W MICHIGAN AVE,48197,1851
105 W MICHIGAN AVE,48197,1850
208 CATHERINE ST,48197,1893
9599 PITMAN RD,48197,1873
108 N HAMILTON ST,48197,1870
390 1ST AVE,48197,1895
26 S GROVE ST,48198,1880
201 S WASHINGTON ST,48197,1893
26 S SUMMIT ST,48197,1888
109 S PARK ST,48198,1842
8 S NORMAL ST,48197,1893
211-215 W MICHIGAN AVE,48197,1850
712 N CONGRESS ST,48197,1884
108 N HURON ST,48197,1860
202 N RIVER ST,48198,1850
215 N PARK ST,48198,1894
214 OAKWOOD AVE,48197,1890
224 MILES ST,48198,1876
228 MILES ST,48198,1896
1017 WASHTENAW AVE,48197,1864
415 OLIVE ST,48197,1885
309 MAPLE ST,48198,1880
304 E FOREST AVE,48198,1870
405 OAK ST,48198,1895
621 N RIVER ST,48198,1844
629 N RIVER ST,48198,1830
3444 GOTFREDSON RD,48198,1834
7966 WILLIS RD,48197,1873
7850 TUTTLE HILL RD,48197,1879
6840 WHITTAKER RD,48197,1886
5 N HAMILTON ST,48197,1869
511 MAUS AVE,48198,1899
204 S HAMILTON ST,48197,1890
118 S GROVE ST,48198,1885
109 S GROVE ST,48198,1895
36 S SUMMIT ST,48197,1893
109 S HURON ST,48197,1873
703 W MICHIGAN AVE,48197,1870
316 PARSONS ST,48198,1884
118 COLLEGE PL,48197,1860
616 WASHTENAW AVE,48197,1898
212 N HAMILTON ST,48197,1889
957 SHERIDAN ST,48197,1898
229 OAKWOOD AVE,48197,1890
307 N RIVER ST,48198,1864
304 N HAMILTON ST,48197,1896
306 N HAMILTON ST,48197,1864
310 N ADAMS ST,48197,1894
316 N GROVE ST,48198,1899
318 N PARK ST,48198,1870
306 E CROSS ST,48198,1850
310 MAPLE ST,48198,1896
511 N PROSPECT ST,48198,1875
933 E FOREST,48198,1870
713 N RIVER ST,48198,1840
8264 VREELAND RD,48198,1880
2791 HARRIS RD,48198,1870
216 N HAMILTON ST,48197,1860
4990 BOLLA RD,48197,1890
936 FREDERICK ST,48197,1834
95 SPRING ST,48197,1873
320 S HURON ST,48197,1850
317 S HURON ST,48197,1890
7 S GROVE ST,48198,1865
9 BALLARD ST,48197,1860
412 PEARL ST,48197,1885
97 OAKWOOD AVE,48197,1894
128 MILES ST,48198,1869
201 N WASHINGTON ST,48197,1869
211 BALLARD ST,48197,1870
315 N GROVE ST,48198,1840
306 N ADAMS ST,48197,1854
1005 W CROSS ST,48197,1890
616 VOUGHT ST,48198,1895
625 NORRIS ST,48198,1830
728 NORRIS ST,48198,1896
1510 LEFORGE RD,48198,1825
9740 CHERRY HILL RD,48198,1870
122 W MICHIGAN AVE,48197,1860
516 E FOREST AVE,48198,1870
7936 WILLIS RD,48197,1896
8945 TUTTLE HILL RD,48197,1873
6300 CRANE RD,48197,1870
536 1ST AVE,48197,1890
929 PLEASANT DR,48197,1893
9 S NORMAL ST,48197,1840
123 COLLEGE PL,48197,1895
311 WASHTENAW AVE,48197,1884
419 WASHTENAW AVE,48197,1894
129 MILES ST,48198,1864
202 N SUMMIT ST,48197,1874
220 N LINCOLN ST,48198,1894
207 MILES ST,48198,1864
958 SHERIDAN ST,48197,1840
309 N PARK ST,48198,1890
314 E CROSS ST,48198,1870
306 OAK ST,48198,1880
1 OAK ST,48198,1824
411 W FOREST AVE,48197,1884
6166 1ST RD,48198,1880
2663 HARRIS RD,48198,1870
12 S WASHINGTON ST,48197,1875
109 CATHERINE ST,48197,1893
112 W MICHIGAN AVE,48197,1860
315 N WASHINGTON ST,48197,1884
300 E MICHIGAN AVE,48198,1870
212 N PROSPECT ST,48198,1869
109 S ADAMS ST,48197,1878
425 N ADAMS ST,48197,1865
117 PEARL ST,48197,1890
525 N HURON ST,48197,1890
849 JEROME AVE,48198,1879
454 S HURON ST,48197,1890
616 PEARL ST,48197,1880
212 OAKWOOD AVE,48197,1890
47 N HURON ST,48197,1875
200-204 W MICHIGAN AVE,48197,1879
130 W MICHIGAN AVE,48197,1860
229 N SUMMIT ST,48197,1848
5-7 S WASHINGTON ST,48197,1874
510 W CROSS ST,48197,1884
722 LOWELL ST,48197,1895
302 N HAMILTON ST,48197,1898
619 EMMET ST,48197,1870
601 PEARL ST,48197,1884
702 EMMET ST,48197,1890
417 W FOREST AVE,48197,1885
415 W FOREST AVE,48197,1885
7842 CHERRY HILL RD,48198,1890
